insert into feedback (id, text, author, created)
values  (1, 'This website is awesome! Also, the site looks nice and stylish.', 'Jeroen', '2022-12-01 14:05:00'),
        (2, 'Is there also a mobile app for this site?', 'Koen', '2022-12-07 09:10:00');

insert into staff (id, name, email)
values  (1, 'Antoinette Deschuytere', 'ant.des@kul.be'),
        (2, 'Bart Vanrumste', 'bar.van@kul.be'),
        (3, 'Bert Lagaisse', 'ber.lag@kul.be'),
        (4, 'Geert Waeyenbergh', 'gee.wae@kul.be'),
        (5, 'Inge Holsbeeks', 'ing.hol@kul.be'),
        (6, 'Jeroen Buijs', 'jer.bui@kul.be'),
        (7, 'Jeroen Van Aken', 'jer.van@kul.be'),
        (8, 'Joris Verheyden', 'jor.ver@kul.be'),
        (9, 'Josep Balasch Masoliver', 'jos.bal@kul.be'),
        (10, 'Kathleen Denis', 'kat.den@kul.be'),
        (11, 'Kathrin Gerling', 'kat.ger@kul.be'),
        (12, 'Koen Eneman', 'koe.ene@kul.be'),
        (13, 'Koen Pelsmaekers', 'koe.pel@kul.be'),
        (14, 'Liesbet Van der Perre', 'lie.van@kul.be'),
        (15, 'Luc Geurts', 'luc.geu@kul.be'),
        (16, 'Luc Janssens', 'luc.jan@kul.be'),
        (17, 'Maarten Vanierschot', 'maa.van@kul.be'),
        (18, 'Toon van Waterschoot', 'too.van@kul.be'),
        (19, 'Vanden Abeele Vero', 'ver.van@kul.be'),
        (20, 'Wim De Roeck', 'wim.der@kul.be'),
        (21, 'Wim Dewulf', 'wim.dew@kul.be'),
        (22, 'Wim Van Petegem', 'wim.van@kul.be');

insert into course (id, fase, name, staff)
values  ('T1ABI2', 1, 'Biotechnology', 5),
        ('T1ACD2', 1, 'Computational Thinking', 11),
        ('T1ACH2', 1, 'Chemistry', 1),
        ('T1ADE2', 1, 'Dynamics and Energy', 10),
        ('T1AEA2', 1, 'Electronics', 16),
        ('T1AEL2', 1, 'Electricity', 8),
        ('T1AMA2', 1, 'Structure, Behaviour and Sustainability of Materials', 21),
        ('T1AOE2', 1, 'Enterprises and Ethics', 4),
        ('T1ASS2', 1, 'Statics and Strength of Materials', 20),
        ('T1ATG2', 1, 'Vibrations and Waves', 17),
        ('T1AWB2', 1, 'Fundamentals of Mathematics', 18),
        ('T1AWM2', 1, 'Mathematical Modelling', 12),
        ('T2ASD2', 2, 'Statistics and Data Management', 2),
        ('T2VAS2', 2, 'Analog Circuits for Signal Processing', 12),
        ('T2VCA2', 2, 'Computer Architectures', 15),
        ('T2VCN2', 2, 'Communication Networks', 7),
        ('T2VDO2', 2, 'Digital Design Concepts', 9),
        ('T2VPT2', 2, 'Programming Techniques', 13),
        ('T2VSY2', 2, 'Systems and Control Theory', 6),
        ('T3WBS2', 3, 'Operating Systems', 3),
        ('T3WDE2', 3, 'Data Engineering', 22),
        ('T3WDO2', 3, 'Complex Digital Design', 9),
        ('T3WDS2', 3, 'Digital Signal Processing', 12),
        ('T3WEO2', 3, 'Electronic Design', 16),
        ('T3WHC2', 3, 'Introduction To Human-Computer Interaction', 19),
        ('T3WSA2', 3, 'Sensors and Actuators', 16),
        ('T3WTD2', 3, 'Transmission Of Digital Information', 14),
        ('T3WTV2', 3, 'Transistor Circuits and Amplifiers', 12),
        ('T3WWW2', 3, 'Software Engineering and Web Technology', 7);

insert into book (id, title, isbn, obliged, course)
values  (1, 'Bedrijfskunde en ondernemen', 9789401438995, true, 'T1AOE2'),
        (2, 'Biotechnology', 9781398901858, true, 'T1ABI2'),
        (3, 'Computer networking: a top down approach', 9780133594140, false, 'T2VCN2'),
        (4, 'Design with Operational Amplifiers and Analog Integrated Circuits', 9781259253133, true, 'T2VAS2'),
        (5, 'Design with Operational Amplifiers and Analog Integrated Circuits', 9781259253133, true, 'T3WTV2'),
        (6, 'Dynamics & Energy Part 1: Hibbeler', 9781839618949, true, 'T1ADE2'),
        (7, 'General Chemistry', 9781259060427, true, 'T1ACH2'),
        (8, 'Operating System Concepts 10th Edition', 9781118063330, true, 'T3WBS2'),
        (9, 'Physics for Engineers: Electricity, Vibrations', 9781800063495, true, 'T1ATG2'),
        (10, 'Statics and Strength of Materials', 9781800060388, true, 'T1ASS2'),
        (11, 'Statistics 13th Edition', 9780134080215, true, 'T2ASD2');